Date,Price_Maize,Price_Millet,Price_Sorghum,Exchange_Rate,NDVI_Anomaly,NDMI_Anomaly,Rainfall_Anomaly,Price_Maize_Lag1,Price_Maize_Lag2,Price_Sorghum_Lag1,Price_Sorghum_Lag2,Price_Millet_Lag1,Price_Millet_Lag2,NDVI_Anomaly_Lag1,NDVI_Anomaly_Lag2,NDMI_Anomaly_Lag1,NDMI_Anomaly_Lag2,Rainfall_Anomaly_Lag1,Rainfall_Anomaly_Lag2,Exchange_Rate_Lag1,Exchange_Rate_Lag2
2017-03-01,13720.0,15560.0,13040.0,311.5264797507788,-0.0773071150944713,-0.15934613590559976,-0.04738668080213877,14650.0,13900.0,14200.0,13200.0,14650.0,14150.0,-0.46071019922581063,0.017347320428744248,0.24468110179959265,-0.46373266225432275,-0.6604165292853847,0.12388225397423779,311.5264797507788,311.5264797507788
2017-04-01,18000.0,15600.0,14600.0,311.5264797507788,-0.003593392958810347,0.08088832192382694,-0.38923686338508906,13720.0,14650.0,13040.0,14200.0,15560.0,14650.0,-0.0773071150944713,-0.46071019922581063,-0.15934613590559976,0.24468110179959265,-0.04738668080213877,-0.6604165292853847,311.5264797507788,311.5264797507788
2017-05-01,14560.0,15800.0,14480.0,313.4796238244514,0.033185292413454984,0.024642787646398778,-0.38069679265518397,18000.0,13720.0,14600.0,13040.0,15600.0,15560.0,-0.003593392958810347,-0.0773071150944713,0.08088832192382694,-0.15934613590559976,-0.38923686338508906,-0.04738668080213877,311.5264797507788,311.5264797507788
2017-06-01,15500.0,15875.0,13900.0,315.45741324921136,-0.022218716996043112,0.2532489950018481,0.17612795391579433,14560.0,18000.0,14480.0,14600.0,15800.0,15600.0,0.033185292413454984,-0.003593392958810347,0.024642787646398778,0.08088832192382694,-0.38069679265518397,-0.38923686338508906,313.4796238244514,311.5264797507788
2017-07-01,13650.0,14900.0,14950.0,321.54340836012864,0.020394192539270287,0.05546798778730886,-1.2920969913861047,15500.0,14560.0,13900.0,14480.0,15875.0,15800.0,-0.022218716996043112,0.033185292413454984,0.2532489950018481,0.024642787646398778,0.17612795391579433,-0.38069679265518397,315.45741324921136,313.4796238244514
2017-08-01,12825.0,13950.0,15050.0,338.70764724056255,-0.0035987547338503373,0.005294503491952991,-1.2670710444890525,13650.0,15500.0,14950.0,13900.0,14900.0,15875.0,0.020394192539270287,-0.022218716996043112,0.05546798778730886,0.2532489950018481,-1.2920969913861047,0.17612795391579433,321.54340836012864,315.45741324921136
2017-09-01,12000.0,13000.0,15150.0,355.87188612099646,-0.027591702006970965,-0.04487898080340288,-1.2420450975920003,12825.0,13650.0,15050.0,14950.0,13950.0,14900.0,-0.0035987547338503373,0.020394192539270287,0.005294503491952991,0.05546798778730886,-1.2670710444890525,-1.2920969913861047,338.70764724056255,321.54340836012864
2017-10-01,9050.0,9750.0,15700.0,357.14285714285717,-1.0443836941738445,-0.9418099987701747,-1.298276995580718,12000.0,12825.0,15150.0,15050.0,13000.0,13950.0,-0.027591702006970965,-0.0035987547338503373,-0.04487898080340288,0.005294503491952991,-1.2420450975920003,-1.2670710444890525,355.87188612099646,338.70764724056255
2017-11-01,8640.0,12080.0,11840.0,357.14285714285717,-0.23373641497238928,0.30814595968968034,-0.6500055783135891,9050.0,12000.0,15700.0,15150.0,9750.0,13000.0,-1.0443836941738445,-0.027591702006970965,-0.9418099987701747,-0.04487898080340288,-1.298276995580718,-1.2420450975920003,357.14285714285717,355.87188612099646
2017-12-01,8100.0,11900.0,9500.0,355.87188612099646,-0.03339683539757746,0.213049531046986,1.2696431729931912,8640.0,9050.0,11840.0,15700.0,12080.0,9750.0,-0.23373641497238928,-1.0443836941738445,0.30814595968968034,-0.9418099987701747,-0.6500055783135891,-1.298276995580718,357.14285714285717,357.14285714285717
2018-01-01,9870.0,12822.0,9460.0,357.14285714285717,-0.08894971207385984,1.0382511333295295,0.23489257299192773,8100.0,8640.0,9500.0,11840.0,11900.0,12080.0,-0.03339683539757746,-0.23373641497238928,0.213049531046986,0.30814595968968034,1.2696431729931912,-0.6500055783135891,355.87188612099646,357.14285714285717
2018-02-01,10200.0,13250.0,9950.0,358.4229390681004,0.8555706405978765,0.0013875937507869822,-0.02478268922033799,9870.0,8100.0,9460.0,9500.0,12822.0,11900.0,-0.08894971207385984,-0.03339683539757746,1.0382511333295295,0.213049531046986,0.23489257299192773,1.2696431729931912,357.14285714285717,355.87188612099646
2018-03-01,10700.0,13350.0,10350.0,357.14285714285717,0.0621630402010364,0.01692150787362257,0.1108972129356365,10200.0,9870.0,9950.0,9460.0,13250.0,12822.0,0.8555706405978765,-0.08894971207385984,0.0013875937507869822,1.0382511333295295,-0.02478268922033799,0.23489257299192773,358.4229390681004,357.14285714285717
2018-04-01,11475.0,13750.0,11000.0,358.4229390681004,0.0450338325740498,0.07424685328375208,0.5043638284360601,10700.0,10200.0,10350.0,9950.0,13350.0,13250.0,0.0621630402010364,0.8555706405978765,0.01692150787362257,0.0013875937507869822,0.1108972129356365,-0.02478268922033799,357.14285714285717,358.4229390681004
2018-05-01,11873.25,13263.75,10633.75,358.4229390681004,0.01308233733833479,0.09714518726105409,0.6237043617825206,11475.0,10700.0,11000.0,10350.0,13750.0,13350.0,0.0450338325740498,0.0621630402010364,0.07424685328375208,0.01692150787362257,0.5043638284360601,0.1108972129356365,358.4229390681004,357.14285714285717
2018-06-01,12271.5,12777.5,10267.5,358.4229390681004,-0.018869157897380213,0.1200435212383561,0.7430448951289812,11873.25,11475.0,10633.75,11000.0,13263.75,13750.0,0.01308233733833479,0.0450338325740498,0.09714518726105409,0.07424685328375208,0.6237043617825206,0.5043638284360601,358.4229390681004,358.4229390681004
2018-07-01,11293.125,11963.125,10141.125,359.3798519181909,-0.07387587863517747,-0.018002894568219352,1.0183642005442226,12271.5,11873.25,10267.5,10633.75,12777.5,13263.75,-0.018869157897380213,0.01308233733833479,0.1200435212383561,0.09714518726105409,0.7430448951289812,0.6237043617825206,358.4229390681004,358.4229390681004
2018-08-01,10314.75,11148.75,10014.75,360.33676476828145,-0.12888259937297472,-0.1560493103747948,1.2936835059594638,11293.125,12271.5,10141.125,10267.5,11963.125,12777.5,-0.07387587863517747,-0.018869157897380213,-0.018002894568219352,0.1200435212383561,1.0183642005442226,0.7430448951289812,359.3798519181909,358.4229390681004
2018-09-01,9336.375,10334.375,9888.375,361.29367761837193,-0.183889320110772,-0.29409572618137025,1.569002811374705,10314.75,11293.125,10014.75,10141.125,11148.75,11963.125,-0.12888259937297472,-0.07387587863517747,-0.1560493103747948,-0.018002894568219352,1.2936835059594638,1.0183642005442226,360.33676476828145,359.3798519181909
2018-10-01,8358.0,9520.0,9762.0,362.25059046846246,-0.23889604084856925,-0.4321421419879457,1.8443221167899464,9336.375,10314.75,9888.375,10014.75,10334.375,11148.75,-0.183889320110772,-0.12888259937297472,-0.29409572618137025,-0.1560493103747948,1.569002811374705,1.2936835059594638,361.29367761837193,360.33676476828145
2018-11-01,8662.5,8922.5,10072.5,364.5643456069996,-0.9423598919266443,-0.7468536124838715,0.4166562295152435,8358.0,9336.375,9762.0,9888.375,9520.0,10334.375,-0.23889604084856925,-0.183889320110772,-0.4321421419879457,-0.29409572618137025,1.8443221167899464,1.569002811374705,362.25059046846246,361.29367761837193
2018-12-01,8976.75,9167.5,8327.5,362.58158085569255,-0.44162858278169526,-0.20970233972249022,0.6786562655264977,8662.5,8358.0,10072.5,9762.0,8922.5,9520.0,-0.9423598919266443,-0.23889604084856925,-0.7468536124838715,-0.4321421419879457,0.4166562295152435,1.8443221167899464,364.5643456069996,362.25059046846246
2019-01-01,9092.0,9174.0,8255.6,362.1194124974652,-0.44653219856519133,-0.612256601560181,-0.4637670332205415,8976.75,8662.5,8327.5,10072.5,9167.5,8922.5,-0.44162858278169526,-0.9423598919266443,-0.20970233972249022,-0.7468536124838715,0.6786562655264977,0.4166562295152435,362.58158085569255,364.5643456069996
2019-02-01,8860.0,9152.5,8401.5,360.13324930224184,-0.2741029638116386,-0.3507732750509367,-0.31358525027825784,9092.0,8976.75,8255.6,8327.5,9174.0,9167.5,-0.44653219856519133,-0.44162858278169526,-0.612256601560181,-0.20970233972249022,-0.4637670332205415,0.6786562655264977,362.1194124974652,362.58158085569255
2019-03-01,9022.0,9116.5,8678.5,358.83321790864824,-0.06147362629859377,-0.6074634631275837,-0.8808718847644997,8860.0,9092.0,8401.5,8255.6,9152.5,9174.0,-0.2741029638116386,-0.44653219856519133,-0.3507732750509367,-0.612256601560181,-0.31358525027825784,-0.4637670332205415,360.13324930224184,362.1194124974652
2019-04-01,8999.75,9167.25,7970.0,358.3972475091391,-0.6415507441141318,-0.5710775598110217,0.29209977543224136,9022.0,8860.0,8678.5,8401.5,9116.5,9152.5,-0.06147362629859377,-0.2741029638116386,-0.6074634631275837,-0.3507732750509367,-0.8808718847644997,-0.31358525027825784,358.83321790864824,360.13324930224184
2019-05-01,8891.4,9320.0,7373.2,358.5514521333812,-0.49538576003605855,-0.43330715119431085,1.6126313575525728,8999.75,9022.0,7970.0,8678.5,9167.25,9116.5,-0.6415507441141318,-0.06147362629859377,-0.5710775598110217,-0.6074634631275837,0.29209977543224136,-0.8808718847644997,358.3972475091391,358.83321790864824
2019-06-01,8752.5,8965.0,7500.0,357.0153516601214,1.5063645988382044,1.2496100163052453,0.3889600211595949,8891.4,8999.75,7373.2,7970.0,9320.0,9167.25,-0.49538576003605855,-0.6415507441141318,-0.43330715119431085,-0.5710775598110217,1.6126313575525728,0.29209977543224136,358.5514521333812,358.3972475091391
2019-07-01,8460.0,8786.0,7396.0,357.9098067287044,0.6215671450915722,0.9021254274236546,0.01633003267158675,8752.5,8891.4,7500.0,7373.2,8965.0,9320.0,1.5063645988382044,-0.49538576003605855,1.2496100163052453,-0.43330715119431085,0.3889600211595949,1.6126313575525728,357.0153516601214,358.5514521333812
2019-08-01,7942.0,8492.5,6857.5,360.8805485384338,-0.5926430213398356,0.22891569179922747,1.0365724271165548,8460.0,8752.5,7396.0,7500.0,8786.0,8965.0,0.6215671450915722,1.5063645988382044,0.9021254274236546,1.2496100163052453,0.01633003267158675,0.3889600211595949,357.9098067287044,357.0153516601214
2019-09-01,9167.5,8645.0,8972.5,358.8087549336203,-1.385461079950815,-1.4663117977117042,-1.3686041148531585,7942.0,8460.0,6857.5,7396.0,8492.5,8786.0,-0.5926430213398356,0.6215671450915722,0.22891569179922747,0.9021254274236546,1.0365724271165548,0.01633003267158675,360.8805485384338,357.9098067287044
2019-10-01,8572.5,9065.0,7717.5,359.8416696653473,0.03961188000562626,0.058143374619621664,0.7888202075895167,9167.5,7942.0,8972.5,6857.5,8645.0,8492.5,-1.385461079950815,-0.5926430213398356,-1.4663117977117042,0.22891569179922747,-1.3686041148531585,1.0365724271165548,358.8087549336203,360.8805485384338
2019-11-01,9720.0,9127.5,9070.0,360.49026676279743,1.4762771422426872,-0.15326444055586508,0.09384825123680884,8572.5,9167.5,7717.5,8972.5,9065.0,8645.0,0.03961188000562626,-1.385461079950815,0.058143374619621664,-1.4663117977117042,0.7888202075895167,-1.3686041148531585,359.8416696653473,358.8087549336203
2019-12-01,8770.0,9067.5,7587.5,360.62026685899747,1.118842198992512,0.06606361971853393,-0.055923266532830376,9720.0,8572.5,9070.0,7717.5,9127.5,9065.0,1.4762771422426872,0.03961188000562626,-0.15326444055586508,0.058143374619621664,0.09384825123680884,0.7888202075895167,360.49026676279743,359.8416696653473
2020-01-01,8960.0,9090.0,7682.0,360.62026685899747,-0.48880221890841197,-0.6933205229272279,-0.6156517282263708,8770.0,9720.0,7587.5,9070.0,9067.5,9127.5,1.118842198992512,1.4762771422426872,0.06606361971853393,-0.15326444055586508,-0.055923266532830376,0.09384825123680884,360.62026685899747,360.49026676279743
2020-02-01,9205.0,9670.0,9400.0,362.18761318362914,-0.09385582305694591,-1.3549170184361758,-0.6140057513777626,8960.0,8770.0,7682.0,7587.5,9090.0,9067.5,-0.48880221890841197,1.118842198992512,-0.6933205229272279,0.06606361971853393,-0.6156517282263708,-0.055923266532830376,360.62026685899747,360.62026685899747
2020-03-01,9452.5,10637.5,9837.5,366.43459142543054,-0.5766857746164621,-1.348404443676432,0.6385084085682766,9205.0,8960.0,9400.0,7682.0,9670.0,9090.0,-0.09385582305694591,-0.48880221890841197,-1.3549170184361758,-0.6933205229272279,-0.6140057513777626,-0.6156517282263708,362.18761318362914,360.62026685899747
2020-04-01,10816.0,12436.0,10860.0,381.97097020626427,-0.6405531096563559,-0.39064261620844404,-0.09916257240523749,9452.5,9205.0,9837.5,9400.0,10637.5,9670.0,-0.5766857746164621,-0.09385582305694591,-1.348404443676432,-1.3549170184361758,0.6385084085682766,-0.6140057513777626,366.43459142543054,362.18761318362914
2020-05-01,11490.0,19435.0,10747.5,388.34951456310677,-0.5486365300478366,-0.7706607671763707,0.2672015936177748,10816.0,9452.5,10860.0,9837.5,12436.0,10637.5,-0.6405531096563559,-0.5766857746164621,-0.39064261620844404,-1.348404443676432,-0.09916257240523749,0.6385084085682766,381.97097020626427,366.43459142543054
2020-06-01,13202.5,15070.0,13285.0,386.1003861003861,-0.38775870791791117,0.22773021639572466,-0.994086789099758,11490.0,10816.0,10747.5,10860.0,19435.0,12436.0,-0.5486365300478366,-0.6405531096563559,-0.7706607671763707,-0.39064261620844404,0.2672015936177748,-0.09916257240523749,388.34951456310677,381.97097020626427
2020-07-01,15398.0,17956.0,15316.0,386.2495171881035,-0.3356928263730963,0.39115868929086856,1.8565658881519551,13202.5,11490.0,13285.0,10747.5,15070.0,19435.0,-0.38775870791791117,-0.5486365300478366,0.22773021639572466,-0.7706607671763707,-0.994086789099758,0.2672015936177748,386.1003861003861,388.34951456310677
2020-08-01,18762.5,17955.0,18550.0,383.4355828220859,-0.2670760087308408,-0.0197393311731963,1.1186514464908963,15398.0,13202.5,15316.0,13285.0,17956.0,15070.0,-0.3356928263730963,-0.38775870791791117,0.39115868929086856,0.22773021639572466,1.8565658881519551,-0.994086789099758,386.2495171881035,386.1003861003861
2020-09-01,17568.0,15756.0,19284.0,381.82512409316536,-0.2744635918511768,0.30267539285002876,0.8290650753244275,18762.5,15398.0,18550.0,15316.0,17955.0,17956.0,-0.2670760087308408,-0.3356928263730963,-0.0197393311731963,0.39115868929086856,1.1186514464908963,1.8565658881519551,383.4355828220859,386.2495171881035
2020-10-01,13440.0,14235.0,17017.5,381.0975609756097,0.4368926794615245,0.5706335244465494,-0.5046533980370008,17568.0,18762.5,19284.0,18550.0,15756.0,17955.0,-0.2744635918511768,-0.2670760087308408,0.30267539285002876,-0.0197393311731963,0.8290650753244275,1.1186514464908963,381.82512409316536,383.4355828220859
2020-11-01,14302.5,13920.0,13452.5,379.794910748196,-0.19493154414969888,0.3875644480393754,-0.44747959379709373,13440.0,17568.0,17017.5,19284.0,14235.0,15756.0,0.4368926794615245,-0.2744635918511768,0.5706335244465494,0.30267539285002876,-0.5046533980370008,0.8290650753244275,381.0975609756097,381.82512409316536
2020-12-01,15230.0,15282.0,13942.0,379.21880925293897,0.6420360645703599,-0.7558244864987466,-0.6282883389442958,14302.5,13440.0,13452.5,17017.5,13920.0,14235.0,-0.19493154414969888,0.4368926794615245,0.3875644480393754,0.5706335244465494,-0.44747959379709373,-0.5046533980370008,379.794910748196,381.0975609756097
2021-01-01,18185.0,18277.5,16910.0,380.22813688212926,1.0656445186215533,0.483447245771975,-0.6326400709601705,15230.0,14302.5,13942.0,13452.5,15282.0,13920.0,0.6420360645703599,-0.19493154414969888,-0.7558244864987466,0.3875644480393754,-0.6282883389442958,-0.44747959379709373,379.21880925293897,379.794910748196
2021-02-01,19810.0,19252.5,18412.5,378.50113550340654,0.3132515482927125,0.018586100682633097,-0.7327581483329251,18185.0,15230.0,16910.0,13942.0,18277.5,15282.0,1.0656445186215533,0.6420360645703599,0.483447245771975,-0.7558244864987466,-0.6326400709601705,-0.6282883389442958,380.22813688212926,379.21880925293897
2021-03-01,20342.0,19498.0,18714.0,379.794910748196,-0.1650851997663486,0.49534986607233267,0.9965829838872065,19810.0,18185.0,18412.5,16910.0,19252.5,18277.5,0.3132515482927125,1.0656445186215533,0.018586100682633097,0.483447245771975,-0.7327581483329251,-0.6326400709601705,378.50113550340654,380.22813688212926
2021-04-01,20445.0,20085.0,19127.5,380.22813688212926,0.07907346306122859,0.30230599588960244,-0.19618256087020527,20342.0,19810.0,18714.0,18412.5,19498.0,19252.5,-0.1650851997663486,0.3132515482927125,0.49534986607233267,0.018586100682633097,0.9965829838872065,-0.7327581483329251,379.794910748196,378.50113550340654
2021-05-01,19000.0,19752.5,18510.0,396.98292973402147,0.5226488230871863,-0.24907311725416814,-0.7903899193579865,20445.0,20342.0,19127.5,18714.0,20085.0,19498.0,0.07907346306122859,-0.1650851997663486,0.30230599588960244,0.49534986607233267,-0.19618256087020527,0.9965829838872065,380.22813688212926,379.794910748196
2021-06-01,23764.0,22762.0,24034.0,410.6776180698152,-0.8713336106996544,-1.1798256506079425,-1.1782531948099004,19000.0,20445.0,18510.0,19127.5,19752.5,20085.0,0.5226488230871863,0.07907346306122859,-0.24907311725416814,0.30230599588960244,-0.7903899193579865,-0.19618256087020527,396.98292973402147,380.22813688212926
2021-07-01,25200.0,24527.5,23900.0,410.6776180698152,-1.0922990688528054,-0.9115364688102339,-0.1295752836001234,23764.0,19000.0,24034.0,18510.0,22762.0,19752.5,-0.8713336106996544,0.5226488230871863,-1.1798256506079425,-0.24907311725416814,-1.1782531948099004,-0.7903899193579865,410.6776180698152,396.98292973402147
2021-08-01,23417.5,22752.5,25350.0,411.01520756267985,0.3246670726310439,0.376011007197367,-0.45101874505963885,25200.0,23764.0,23900.0,24034.0,24527.5,22762.0,-1.0922990688528054,-0.8713336106996544,-0.9115364688102339,-1.1798256506079425,-0.1295752836001234,-1.1782531948099004,410.6776180698152,410.6776180698152
2021-09-01,21180.0,20516.0,23332.0,411.01520756267985,0.0921729063374257,0.10299596842496515,-0.4148037327762349,23417.5,25200.0,25350.0,23900.0,22752.5,24527.5,0.3246670726310439,-1.0922990688528054,0.376011007197367,-0.9115364688102339,-0.45101874505963885,-0.1295752836001234,411.01520756267985,410.6776180698152
2021-10-01,16652.5,18445.0,22517.5,410.5090311986864,-0.6739992527903952,-0.6332287074637422,-0.8567970777870335,21180.0,23417.5,23332.0,25350.0,20516.0,22752.5,0.0921729063374257,0.3246670726310439,0.10299596842496515,0.376011007197367,-0.4148037327762349,-0.45101874505963885,411.01520756267985,411.01520756267985
2021-11-01,18497.5,20670.0,17655.0,410.3405826836274,-0.334388127689313,-0.7568948523748428,1.0946770728507491,16652.5,21180.0,22517.5,23332.0,18445.0,20516.0,-0.6739992527903952,0.0921729063374257,-0.6332287074637422,0.10299596842496515,-0.8567970777870335,-0.4148037327762349,410.5090311986864,411.01520756267985
2021-12-01,21650.0,21660.0,19816.0,410.3405826836274,-1.6651096082506271,-0.22275731818066283,-0.6333487210945465,18497.5,16652.5,17655.0,22517.5,20670.0,18445.0,-0.334388127689313,-0.6739992527903952,-0.7568948523748428,-0.6332287074637422,1.0946770728507491,-0.8567970777870335,410.3405826836274,410.5090311986864
2022-01-01,24227.5,23912.5,22717.5,413.564929693962,-1.1875691048192747,-1.0795371017590503,-0.5864909114790174,21650.0,18497.5,19816.0,17655.0,21660.0,20670.0,-1.6651096082506271,-0.334388127689313,-0.22275731818066283,-0.7568948523748428,-0.6333487210945465,1.0946770728507491,410.3405826836274,410.3405826836274
2022-02-01,23927.5,24335.0,23027.5,415.6275976724854,-0.7284714013717106,0.44421630294446446,-0.7537232089435466,24227.5,21650.0,22717.5,19816.0,23912.5,21660.0,-1.1875691048192747,-1.6651096082506271,-1.0795371017590503,-0.22275731818066283,-0.5864909114790174,-0.6333487210945465,413.564929693962,410.3405826836274
2022-03-01,23048.0,23924.0,23302.0,415.45492314083924,-1.244878100659761,1.1255659414481143,-0.22170407600869016,23927.5,24227.5,23027.5,22717.5,24335.0,23912.5,-0.7284714013717106,-1.1875691048192747,0.44421630294446446,-1.0795371017590503,-0.7537232089435466,-0.5864909114790174,415.6275976724854,413.564929693962
2022-04-01,23117.5,24952.5,22235.0,414.765657403567,0.060561067018391326,-0.7449585224586552,1.9889011535939896,23048.0,23927.5,23302.0,23027.5,23924.0,24335.0,-1.244878100659761,-0.7284714013717106,1.1255659414481143,0.44421630294446446,-0.22170407600869016,-0.7537232089435466,415.45492314083924,415.6275976724854
2022-05-01,22600.0,24475.0,23200.0,414.5936981757877,-0.18400826820632735,0.6439057498917053,-0.8664859491386767,23117.5,23048.0,22235.0,23302.0,24952.5,23924.0,0.060561067018391326,-1.244878100659761,-0.7449585224586552,1.1255659414481143,1.9889011535939896,-0.22170407600869016,414.765657403567,415.45492314083924
2022-06-01,22554.0,25754.0,23614.0,414.765657403567,-0.36710697426129735,-0.28865181859382505,-0.13598687594030656,22600.0,23117.5,23200.0,22235.0,24475.0,24952.5,-0.18400826820632735,0.060561067018391326,0.6439057498917053,-0.7449585224586552,-0.8664859491386767,1.9889011535939896,414.5936981757877,414.765657403567
2022-07-01,21642.5,27277.5,24225.0,415.11000415110004,0.11598922985082512,-0.4321245512318301,-1.09751359441263,22554.0,22600.0,23614.0,23200.0,25754.0,24475.0,-0.36710697426129735,-0.18400826820632735,-0.28865181859382505,0.6439057498917053,-0.13598687594030656,-0.8664859491386767,414.765657403567,414.5936981757877
2022-08-01,20676.0,24806.0,20756.0,419.11148365465215,-0.043388579690651435,-0.509523651718598,-0.06270604604249219,21642.5,22554.0,24225.0,23614.0,27277.5,25754.0,0.11598922985082512,-0.36710697426129735,-0.4321245512318301,-0.28865181859382505,-1.09751359441263,-0.13598687594030656,415.11000415110004,414.765657403567
2022-09-01,22917.5,21910.0,25417.5,427.89901583226356,0.24476542824044267,0.5251344285526541,0.9283169482280272,20676.0,21642.5,20756.0,24225.0,24806.0,27277.5,-0.043388579690651435,0.11598922985082512,-0.509523651718598,-0.4321245512318301,-0.06270604604249219,-1.09751359441263,419.11148365465215,415.11000415110004
2022-10-01,22835.0,22935.0,24417.5,434.7826086956522,0.7126114946334609,1.0072140300724604,-0.39086174709153526,22917.5,20676.0,25417.5,20756.0,21910.0,24806.0,0.24476542824044267,-0.043388579690651435,0.5251344285526541,-0.509523651718598,0.9283169482280272,-0.06270604604249219,427.89901583226356,419.11148365465215
2022-11-01,22714.0,25532.0,23514.0,441.1116012351125,-0.20682593229887472,0.0064731499455427536,-0.5807147148244419,22835.0,22917.5,24417.5,25417.5,22935.0,21910.0,0.7126114946334609,0.24476542824044267,1.0072140300724604,0.5251344285526541,-0.39086174709153526,0.9283169482280272,434.7826086956522,427.89901583226356
2022-12-01,21917.5,24917.5,20452.5,445.2359750667854,-0.024333666355219205,0.7258753014377738,0.30347104423759474,22714.0,22835.0,23514.0,24417.5,25532.0,22935.0,-0.20682593229887472,0.7126114946334609,0.0064731499455427536,1.0072140300724604,-0.5807147148244419,-0.39086174709153526,441.1116012351125,434.7826086956522
2023-01-01,22300.0,25417.5,21710.0,453.30915684496824,-0.5125328298198029,0.29588093787907294,0.11519865519740065,21917.5,22714.0,20452.5,23514.0,24917.5,25532.0,-0.024333666355219205,-0.20682593229887472,0.7258753014377738,0.0064731499455427536,0.30347104423759474,-0.5807147148244419,445.2359750667854,441.1116012351125
2023-02-01,22717.5,25117.5,20935.0,459.34772622875516,0.17967043625577814,0.7447287255370951,-0.11004641375797673,22300.0,21917.5,21710.0,20452.5,25417.5,24917.5,-0.5125328298198029,-0.024333666355219205,0.29588093787907294,0.7258753014377738,0.11519865519740065,0.30347104423759474,453.30915684496824,445.2359750667854
2023-03-01,22074.0,27128.0,23114.0,459.55882352941177,-0.010447066950914918,-0.08937145627740781,1.7117157524552142,22717.5,22300.0,20935.0,21710.0,25117.5,25417.5,0.17967043625577814,-0.5125328298198029,0.7447287255370951,0.29588093787907294,-0.11004641375797673,0.11519865519740065,459.34772622875516,453.30915684496824
2023-04-01,24950.0,26992.5,22400.0,460.1932811780948,-0.4082986425902691,0.4459618093238603,0.3621322635746854,22074.0,22717.5,23114.0,20935.0,27128.0,25117.5,-0.010447066950914918,0.17967043625577814,-0.08937145627740781,0.7447287255370951,1.7117157524552142,-0.11004641375797673,459.55882352941177,459.34772622875516
2023-05-01,27028.0,28528.0,23942.0,459.9816007359705,0.08908760494629621,0.1445941937156214,-0.40779846343257237,24950.0,22074.0,22400.0,23114.0,26992.5,27128.0,-0.4082986425902691,-0.010447066950914918,0.4459618093238603,-0.08937145627740781,0.3621322635746854,1.7117157524552142,460.1932811780948,459.55882352941177
2023-06-01,29421.875,30966.875,25906.25,565.3198862576388,0.502013463458777,0.1801364003177915,1.4491060370949524,27028.0,24950.0,23942.0,22400.0,28528.0,26992.5,0.08908760494629621,-0.4082986425902691,0.1445941937156214,0.4459618093238603,-0.40779846343257237,0.3621322635746854,459.9816007359705,460.1932811780948
2023-07-01,40412.5,36685.0,33417.5,776.41559974223,0.5348252571556255,-0.027072735997892828,0.24342624358117823,29421.875,27028.0,25906.25,23942.0,30966.875,28528.0,0.502013463458777,0.08908760494629621,0.1801364003177915,0.1445941937156214,1.4491060370949524,-0.40779846343257237,565.3198862576388,459.9816007359705
2023-08-01,43946.0,45290.0,44130.0,766.001777124123,0.49441821873003117,0.14276820795788006,-0.8714876002465572,40412.5,29421.875,33417.5,25906.25,36685.0,30966.875,0.5348252571556255,0.502013463458777,-0.027072735997892828,0.1801364003177915,0.24342624358117823,1.4491060370949524,776.41559974223,565.3198862576388
2023-09-01,36957.5,31970.0,47462.5,770.6772711859182,0.12190023696472374,-0.13635428274062616,-0.39989939930475416,43946.0,40412.5,44130.0,33417.5,45290.0,36685.0,0.49441821873003117,0.5348252571556255,0.14276820795788006,-0.027072735997892828,-0.8714876002465572,0.24342624358117823,766.001777124123,776.41559974223
2023-10-01,30870.0,35950.0,45925.0,774.5213458082904,-0.42670765332142435,-0.3777475992458037,-0.4483474842069709,36957.5,43946.0,47462.5,44130.0,31970.0,45290.0,0.12190023696472374,0.49441821873003117,-0.13635428274062616,0.14276820795788006,-0.39989939930475416,-0.8714876002465572,770.6772711859182,766.001777124123
2023-11-01,39704.0,39152.0,36742.0,808.2310247561163,-0.5812319660926227,-0.6461930575363429,1.357408826641588,30870.0,36957.5,45925.0,47462.5,35950.0,31970.0,-0.42670765332142435,0.12190023696472374,-0.3777475992458037,-0.13635428274062616,-0.4483474842069709,-0.39989939930475416,774.5213458082904,770.6772711859182
2023-12-01,41172.5,40682.5,36330.0,828.6308532411896,-0.2658174735586025,-0.2866352889799289,-0.6335131759896875,39704.0,30870.0,36742.0,45925.0,39152.0,35950.0,-0.5812319660926227,-0.42670765332142435,-0.6461930575363429,-0.3777475992458037,1.357408826641588,-0.4483474842069709,808.2310247561163,774.5213458082904
2024-01-01,51128.0,46924.0,41558.0,908.9669590510384,0.8465391933218331,0.749054242645011,0.5280629882282146,41172.5,39704.0,36330.0,36742.0,40682.5,39152.0,-0.2658174735586025,-0.5812319660926227,-0.2866352889799289,-0.6461930575363429,-0.6335131759896875,1.357408826641588,828.6308532411896,808.2310247561163
2024-02-01,58935.0,56952.5,46435.0,1452.441263275313,0.12685460006247332,-0.30480352687636614,0.6686745321109567,51128.0,41172.5,41558.0,36330.0,46924.0,40682.5,0.8465391933218331,-0.2658174735586025,0.749054242645011,-0.2866352889799289,0.5280629882282146,-0.6335131759896875,908.9669590510384,828.6308532411896
2024-03-01,56445.0,59952.5,48465.0,1519.3412136497616,0.23797211492431272,-0.108735029695675,-0.5265122485803174,58935.0,51128.0,46435.0,41558.0,56952.5,46924.0,0.12685460006247332,0.8465391933218331,-0.30480352687636614,0.749054242645011,0.6686745321109567,0.5280629882282146,1452.441263275313,908.9669590510384
2024-04-01,55935.0,60435.0,54970.0,1233.4836538746188,0.10154247295137388,0.33618717871255555,0.29177416688351127,56445.0,58935.0,48465.0,46435.0,59952.5,56952.5,0.23797211492431272,0.12685460006247332,-0.108735029695675,-0.30480352687636614,-0.5265122485803174,0.6686745321109567,1519.3412136497616,1452.441263275313
2024-05-01,65314.0,64728.0,62742.0,1434.8972757040324,0.29528831674521216,-0.3535293235153085,1.333565499220284,55935.0,56445.0,54970.0,48465.0,60435.0,59952.5,0.10154247295137388,0.23797211492431272,0.33618717871255555,-0.108735029695675,0.29177416688351127,-0.5265122485803174,1233.4836538746188,1519.3412136497616
2024-06-01,81452.5,78202.5,75715.0,1501.066507753759,-0.49182854422691585,-0.2722085602521181,-1.2637872281056863,65314.0,55935.0,62742.0,54970.0,64728.0,60435.0,0.29528831674521216,0.10154247295137388,-0.3535293235153085,0.33618717871255555,1.333565499220284,0.29177416688351127,1434.8972757040324,1233.4836538746188
2024-07-01,84930.0,86028.0,78352.0,1582.496324652286,-0.0542785718180463,-0.07414228306081944,0.007731694456754548,81452.5,65314.0,75715.0,62742.0,78202.5,64728.0,-0.49182854422691585,0.29528831674521216,-0.2722085602521181,-0.3535293235153085,-1.2637872281056863,1.333565499220284,1501.066507753759,1434.8972757040324
2024-08-01,88438.33333333333,75380.66666666666,83482.66666666666,1607.1617407599151,0.3793304746663401,0.21236648214173953,0.4983312214260704,84930.0,81452.5,78352.0,75715.0,86028.0,78202.5,-0.0542785718180463,-0.49182854422691585,-0.07414228306081944,-0.2722085602521181,0.007731694456754548,-1.2637872281056863,1582.496324652286,1501.066507753759
2024-09-01,91946.66666666666,64733.33333333333,88613.33333333333,1631.8271568675445,0.8129395211507265,0.49887524734429856,0.9889307483953863,88438.33333333333,84930.0,83482.66666666666,78352.0,75380.66666666666,86028.0,0.3793304746663401,-0.0542785718180463,0.21236648214173953,-0.07414228306081944,0.4983312214260704,0.007731694456754548,1607.1617407599151,1582.496324652286
2024-10-01,83942.77777777777,67457.22222222222,77067.22222222222,1611.3263156488376,0.360057035433952,0.17798115911622306,0.6729810858864164,91946.66666666666,88438.33333333333,88613.33333333333,83482.66666666666,64733.33333333333,75380.66666666666,0.8129395211507265,0.3793304746663401,0.49887524734429856,0.21236648214173953,0.9889307483953863,0.4983312214260704,1631.8271568675445,1607.1617407599151
2024-11-01,75938.88888888889,70181.11111111111,65521.11111111111,1590.8254744301305,0.4651408578350372,1.134814723356566,-0.6949428357790279,83942.77777777777,91946.66666666666,77067.22222222222,88613.33333333333,67457.22222222222,64733.33333333333,0.360057035433952,0.8129395211507265,0.17798115911622306,0.49887524734429856,0.6729810858864164,0.9889307483953863,1611.3263156488376,1631.8271568675445
2024-12-01,67935.0,72905.0,53975.0,1570.3246332114236,0.4837824944412923,1.2119719056903595,-0.5878292930702272,75938.88888888889,83942.77777777777,65521.11111111111,77067.22222222222,70181.11111111111,67457.22222222222,0.4651408578350372,0.360057035433952,1.134814723356566,0.17798115911622306,-0.6949428357790279,0.6729810858864164,1590.8254744301305,1611.3263156488376
